{
  "num_seeds": 5,
  "seeds": [
    123,
    2024,
    42,
    456,
    789
  ],
  "task_success_rate": {
    "mean": 0.4204,
    "std": 0.01127120224288429,
    "ci95": 0.009879644366069048,
    "min": 0.402,
    "max": 0.436,
    "values": [
      0.426,
      0.422,
      0.436,
      0.402,
      0.416
    ]
  },
  "action_efficiency": {
    "mean": 1.4785193905841545,
    "std": 0.0690217943208561,
    "ci95": 0.060500270219933726,
    "min": 1.369152911953688,
    "max": 1.561586605537117,
    "values": [
      1.4740370831995016,
      1.561586605537117,
      1.5411595569062289,
      1.369152911953688,
      1.4466607953242374
    ]
  },
  "coordination_score": {
    "mean": -3.3059251575251296,
    "std": 0.030133234957994998,
    "ci95": 0.026412945005235534,
    "min": -3.345172514782296,
    "max": -3.2693981758798225,
    "values": [
      -3.3299484745961525,
      -3.2693981758798225,
      -3.273438506801649,
      -3.345172514782296,
      -3.3116681155657286
    ]
  },
  "avg_turn_count": {
    "mean": 12.946800000000001,
    "std": 0.31635322030919827,
    "ci95": 0.27729582376083506,
    "min": 12.686,
    "max": 13.566,
    "values": [
      12.874,
      12.766,
      12.686,
      13.566,
      12.842
    ]
  },
  "delegation_accuracy": {
    "mean": 1.0,
    "std": 0.0,
    "ci95": 0.0,
    "min": 1.0,
    "max": 1.0,
    "values": [
      1.0,
      1.0,
      1.0,
      1.0,
      1.0
    ]
  },
  "avg_bertscore": {
    "mean": 0.0,
    "std": 0.0,
    "ci95": 0.0,
    "min": 0.0,
    "max": 0.0,
    "values": [
      0.0,
      0.0,
      0.0,
      0.0,
      0.0
    ]
  },
  "avg_coherence": {
    "mean": 0.0,
    "std": 0.0,
    "ci95": 0.0,
    "min": 0.0,
    "max": 0.0,
    "values": [
      0.0,
      0.0,
      0.0,
      0.0,
      0.0
    ]
  },
  "functional_fluency_gap": {
    "mean": 0.4204,
    "std": 0.01127120224288429,
    "ci95": 0.009879644366069048,
    "min": 0.402,
    "max": 0.436,
    "values": [
      0.426,
      0.422,
      0.436,
      0.402,
      0.416
    ]
  },
  "num_episodes": {
    "mean": 500.0,
    "std": 0.0,
    "ci95": 0.0,
    "min": 500.0,
    "max": 500.0,
    "values": [
      500,
      500,
      500,
      500,
      500
    ]
  },
  "simple/task_success_rate": {
    "mean": 0.1642857142857143,
    "std": 0.03049106779729928,
    "ci95": 0.026726599318115857,
    "min": 0.1130952380952381,
    "max": 0.19642857142857142,
    "values": [
      0.17261904761904762,
      0.19642857142857142,
      0.19047619047619047,
      0.1488095238095238,
      0.1130952380952381
    ]
  },
  "simple/action_efficiency": {
    "mean": 0.6366962138390708,
    "std": 0.019004915355460936,
    "ci95": 0.01665854279544457,
    "min": 0.6081432951968665,
    "max": 0.6603962670926956,
    "values": [
      0.6425962430426716,
      0.6603962670926956,
      0.6502014189514188,
      0.6221438449117019,
      0.6081432951968665
    ]
  },
  "simple/coordination_score": {
    "mean": -0.6158394746787603,
    "std": 0.04165530196300859,
    "ci95": 0.03651248203052651,
    "min": -0.6811069882498454,
    "max": -0.5537885229849515,
    "values": [
      -0.6031127602556173,
      -0.5537885229849515,
      -0.6339822545179687,
      -0.6811069882498454,
      -0.6072068473854189
    ]
  },
  "simple/avg_turn_count": {
    "mean": 8.428571428571427,
    "std": 0.17132106417331924,
    "ci95": 0.1501695338239051,
    "min": 8.19047619047619,
    "max": 8.642857142857142,
    "values": [
      8.363095238095237,
      8.19047619047619,
      8.339285714285714,
      8.607142857142858,
      8.642857142857142
    ]
  },
  "simple/num_episodes": {
    "mean": 168.0,
    "std": 0.0,
    "ci95": 0.0,
    "min": 168.0,
    "max": 168.0,
    "values": [
      168,
      168,
      168,
      168,
      168
    ]
  },
  "moderate/task_success_rate": {
    "mean": 0.3369047619047619,
    "std": 0.02013277919677114,
    "ci95": 0.017647159041109764,
    "min": 0.30952380952380953,
    "max": 0.35714285714285715,
    "values": [
      0.35714285714285715,
      0.31547619047619047,
      0.35119047619047616,
      0.30952380952380953,
      0.35119047619047616
    ]
  },
  "moderate/action_efficiency": {
    "mean": 0.9039932780047772,
    "std": 0.0666037236001236,
    "ci95": 0.05838073778159748,
    "min": 0.8243106424469759,
    "max": 0.9891955944034669,
    "values": [
      0.9052671072518486,
      0.9891955944034669,
      0.965967863497994,
      0.8243106424469759,
      0.8352251824236012
    ]
  },
  "moderate/coordination_score": {
    "mean": -2.500878774377088,
    "std": 0.09003904381318407,
    "ci95": 0.07892270165738169,
    "min": -2.6759901597432,
    "max": -2.42485179140973,
    "values": [
      -2.42485179140973,
      -2.460035625044194,
      -2.4526942683434556,
      -2.6759901597432,
      -2.49082202734486
    ]
  },
  "moderate/avg_turn_count": {
    "mean": 15.814285714285713,
    "std": 0.2867886546331704,
    "ci95": 0.2513813393587077,
    "min": 15.422619047619047,
    "max": 16.297619047619047,
    "values": [
      15.666666666666666,
      15.821428571428571,
      15.422619047619047,
      16.297619047619047,
      15.863095238095237
    ]
  },
  "moderate/num_episodes": {
    "mean": 168.0,
    "std": 0.0,
    "ci95": 0.0,
    "min": 168.0,
    "max": 168.0,
    "values": [
      168,
      168,
      168,
      168,
      168
    ]
  },
  "complex/task_success_rate": {
    "mean": 0.7682926829268293,
    "std": 0.013904578354867548,
    "ci95": 0.012187900300782763,
    "min": 0.7560975609756098,
    "max": 0.7926829268292683,
    "values": [
      0.7560975609756098,
      0.7621951219512195,
      0.774390243902439,
      0.7560975609756098,
      0.7926829268292683
    ]
  },
  "complex/action_efficiency": {
    "mean": 2.929413784526285,
    "std": 0.13383969158654496,
    "ci95": 0.11731566220224753,
    "min": 2.6925128176865005,
    "max": 3.0711089636414823,
    "values": [
      2.908399382623606,
      3.0711089636414823,
      3.043069140253738,
      2.6925128176865005,
      2.931978618426098
    ]
  },
  "complex/coordination_score": {
    "mean": -6.886304347080381,
    "std": 0.09900734173190376,
    "ci95": 0.0867837613825627,
    "min": -7.050464589135963,
    "max": -6.759719125172664,
    "values": [
      -7.050464589135963,
      -6.88034531140863,
      -6.818034131464057,
      -6.759719125172664,
      -6.922958578220593
    ]
  },
  "complex/avg_turn_count": {
    "mean": 14.63780487804878,
    "std": 0.6326036582721052,
    "ci95": 0.5545015548228979,
    "min": 14.048780487804878,
    "max": 15.847560975609756,
    "values": [
      14.634146341463415,
      14.323170731707316,
      14.335365853658537,
      15.847560975609756,
      14.048780487804878
    ]
  },
  "complex/num_episodes": {
    "mean": 164.0,
    "std": 0.0,
    "ci95": 0.0,
    "min": 164.0,
    "max": 164.0,
    "values": [
      164,
      164,
      164,
      164,
      164
    ]
  },
  "elapsed_s": {
    "mean": 800.8434179782868,
    "std": 30.693261134326423,
    "ci95": 26.903829592222426,
    "min": 757.439662694931,
    "max": 831.2158672809601,
    "values": [
      827.2424359321594,
      770.5189852714539,
      817.8001387119293,
      831.2158672809601,
      757.439662694931
    ]
  },
  "generation_time_mean": {
    "mean": 0.9281822949409484,
    "std": 0.008162643934655331,
    "ci95": 0.0071548728718941424,
    "min": 0.9215582003593444,
    "max": 0.9424970836639405,
    "values": [
      0.9222138757705689,
      0.9424970836639405,
      0.9215582003593444,
      0.9321815500259399,
      0.9224607648849488
    ]
  },
  "generation_time_std": {
    "mean": 0.06777201430688795,
    "std": 0.003925154317677082,
    "ci95": 0.0034405494555890814,
    "min": 0.06308361872941712,
    "max": 0.07346722850444647,